symbol,price,pullback_pct,ema_200,volar,relative_strength,performance,rs_percentile,rs_h,vol_h,perf_h,rs_up,rank,symbol_clean,rank_diff,rank_status
PRAJIND.NS,400.65,23.8,347.59,-9.02,80.53,-22.93,100,"[1, 100, 100, 100, 100]","[-7.81, -9.03, -8.94, -9.6, -9.02]","[-19.78, -22.91, -22.68, -24.38, -22.93]",False,1,PRAJIND,0,stable
IREDA.NS,137.21,24.72,135.04,-10.53,74.59,-21.24,100,"[1, 99, 100, 100, 100]","[-10.04, -11.01, -11.06, -10.85, -10.53]","[-20.28, -22.23, -22.34, -21.91, -21.24]",False,2,IREDA,0,stable
CROMPTON.NS,276.01,22.5,268.11,-10.73,65.98,-18.79,99,"[99, 99]","[-11.97, -10.73]","[-20.88, -18.79]",False,3,CROMPTON,0,stable
SJVN.NS,80.6,21.89,78.4,-7.67,59.19,-16.85,99,"[98, 98, 99]","[-7.89, -7.59, -7.67]","[-17.33, -16.67, -16.85]",False,4,SJVN,1,up
GRAVITA.NS,1648.4,22.0,1638.98,-6.47,52.83,-15.04,98,[98],[-6.47],[-15.04],False,5,GRAVITA,0,new
BALRAMCHIN.NS,510.2,17.46,482.14,-7.17,50.59,-14.41,98,"[13, 91, 97, 97, 98]","[-0.88, -4.01, -5.66, -6.51, -7.17]","[-1.77, -8.13, -11.35, -13.09, -14.41]",False,6,BALRAMCHIN,1,up
DEEPAKNTR.NS,1724.1,18.28,1634.91,-7.78,47.64,-13.57,97,"[3, 98, 98, 98, 97]","[-6.46, -9.19, -9.57, -9.27, -7.78]","[-11.26, -15.96, -16.63, -16.1, -13.57]",False,7,DEEPAKNTR,-1,down
JINDALSAW.NS,229.8,13.49,193.17,-4.72,47.37,-13.49,97,[97],[-4.72],[-13.49],False,8,JINDALSAW,0,new
MANKIND.NS,2256.8,16.27,2229.27,-8.22,46.14,-13.14,97,"[4, 96, 97, 95, 97]","[-6.94, -7.7, -7.48, -6.86, -8.22]","[-11.15, -12.37, -12.01, -11.01, -13.14]",False,9,MANKIND,2,up
RECLTD.NS,363.55,12.9,354.46,-7.21,45.3,-12.9,96,"[8, 96, 95, 95, 96]","[-4.15, -6.15, -5.35, -5.7, -7.21]","[-7.42, -10.93, -9.52, -10.14, -12.9]",False,10,RECLTD,2,up
RKFORGE.NS,598.85,12.69,545.92,-5.73,44.55,-12.69,96,"[0, 100, 99, 96, 96]","[-11.45, -11.03, -8.57, -5.01, -5.73]","[-24.98, -24.02, -18.64, -11.09, -12.69]",False,11,RKFORGE,-1,down
UNITDSPR.NS,1363.4,14.42,1359.29,-7.99,41.17,-11.73,95,"[7, 90, 95, 97, 95]","[-5.38, -4.9, -6.61, -8.25, -7.99]","[-7.97, -7.26, -9.71, -12.12, -11.73]",False,12,UNITDSPR,-4,down
GAIL.NS,165.66,14.13,163.42,-7.11,38.94,-11.09,95,"[5, 96, 96, 96, 95]","[-5.36, -7.73, -7.08, -7.18, -7.11]","[-8.51, -12.06, -11.05, -11.2, -11.09]",False,13,GAIL,-4,down
NIVABUPA.NS,78.75,14.73,76.92,-5.55,37.45,-10.66,95,[95],[-5.55],[-10.66],False,14,NIVABUPA,0,new
ARE&M.NS,890.45,17.36,879.85,-5.48,35.03,-9.98,94,"[94, 94]","[-5.55, -5.48]","[-10.11, -9.98]",False,15,ARE&M,-2,down
IRB.NS,21.73,17.85,21.46,-6.08,34.82,-9.92,94,"[9, 92, 94, 94, 94]","[-3.13, -5.85, -5.83, -5.88, -6.08]","[-5.1, -9.55, -9.51, -9.6, -9.92]",False,16,IRB,-1,down
SUNTV.NS,586.25,10.15,577.48,-4.38,31.65,-9.01,93,"[10, 89, 88, 91, 93]","[-2.07, -3.15, -2.12, -3.59, -4.38]","[-4.21, -6.44, -4.35, -7.37, -9.01]",False,17,SUNTV,3,up
JBMA.NS,637.65,14.03,602.94,-2.93,29.01,-8.26,93,"[4, 97, 96, 92, 93]","[-3.91, -4.69, -3.66, -3.05, -2.93]","[-11.0, -13.19, -10.31, -8.61, -8.26]",False,18,JBMA,0,stable
HOMEFIRST.NS,1155.15,21.9,1138.36,-3.28,28.79,-8.2,92,[92],[-3.28],[-8.2],False,19,HOMEFIRST,0,new
BIKAJI.NS,690.85,13.79,685.98,-5.08,27.29,-7.77,92,[92],[-5.08],[-7.77],False,20,BIKAJI,0,new
CONCOR.NS,514.6,19.36,507.51,-4.69,26.43,-7.53,92,"[92, 93, 92]","[-4.93, -5.61, -4.69]","[-7.92, -9.01, -7.53]",False,21,CONCOR,-5,down
AEGISLOG.NS,709.7,22.93,707.76,-3.25,26.05,-7.42,91,"[92, 93, 92, 91]","[-4.17, -3.54, -3.43, -3.25]","[-9.51, -8.07, -7.83, -7.42]",False,22,AEGISLOG,-3,down
PETRONET.NS,280.12,13.38,279.97,-4.04,25.19,-7.17,91,[91],[-4.04],[-7.17],False,23,PETRONET,0,new
LICHSGFIN.NS,562.15,10.37,539.74,-4.29,23.81,-6.78,90,"[6, 92, 94, 93, 90]","[-5.19, -5.88, -5.87, -5.59, -4.29]","[-8.15, -9.25, -9.24, -8.8, -6.78]",False,24,LICHSGFIN,-7,down
CARBORUNIV.NS,976.1,6.6,865.88,-3.25,23.18,-6.6,90,"[8, 94, 96, 94, 90]","[-3.07, -5.2, -5.0, -4.74, -3.25]","[-6.24, -10.58, -10.17, -9.67, -6.6]",False,25,CARBORUNIV,-11,down
NIACL.NS,161.58,20.21,159.85,-2.51,22.91,-6.53,90,"[11, 87, 87, 90, 90]","[-1.53, -1.62, -1.09, -2.08, -2.51]","[-3.97, -4.22, -2.85, -5.42, -6.53]",False,26,NIACL,-3,down
TATACHEM.NS,799.75,20.43,768.53,-3.45,22.38,-6.37,89,"[89, 89]","[-2.91, -3.45]","[-5.38, -6.37]",False,27,TATACHEM,-3,down
SUZLON.NS,56.81,20.52,50.9,-2.53,19.28,-5.49,89,"[12, 95, 88, 88, 89]","[-1.09, -4.93, -1.82, -2.05, -2.53]","[-2.43, -10.58, -3.95, -4.45, -5.49]",False,28,SUZLON,0,stable
DEEPAKFERT.NS,1239.7,28.39,1213.83,-2.03,18.42,-5.25,88,"[12, 88, 84, 87, 88]","[-0.92, -2.08, -0.8, -1.68, -2.03]","[-2.38, -5.38, -2.06, -4.35, -5.25]",False,29,DEEPAKFERT,0,stable
MAHSEAMLES.NS,649.7,13.58,586.69,-2.99,18.03,-5.13,88,"[8, 91, 91, 88, 88]","[-3.01, -4.45, -3.64, -2.63, -2.99]","[-5.18, -7.65, -6.26, -4.52, -5.13]",False,30,MAHSEAMLES,-4,down
WOCKPHARMA.NS,1391.7,24.0,1382.62,-1.6,17.62,-5.02,87,[87],[-1.6],[-5.02],False,31,WOCKPHARMA,0,new
TRIVENI.NS,411.9,7.73,372.41,-2.32,16.96,-4.83,87,"[24, 75, 76, 81, 87]","[3.2, 2.68, 1.6, -0.47, -2.32]","[6.77, 5.66, 3.37, -0.99, -4.83]",True,32,TRIVENI,9,up
EXIDEIND.NS,363.45,14.95,350.29,-2.68,15.7,-4.47,87,"[92, 91, 87]","[-4.23, -3.59, -2.68]","[-7.02, -5.96, -4.47]",False,33,EXIDEIND,-12,down
CAMS.NS,760.6,9.96,730.2,-2.43,15.69,-4.47,86,"[16, 86, 87, 90, 86]","[0.45, -1.82, -1.94, -3.15, -2.43]","[0.84, -3.37, -3.59, -5.79, -4.47]",False,34,CAMS,-12,down
GICRE.NS,399.95,5.84,379.34,-2.41,12.42,-3.54,86,"[10, 88, 87, 87, 86]","[-3.07, -3.05, -2.61, -2.27, -2.41]","[-4.52, -4.49, -3.84, -3.34, -3.54]",False,35,GICRE,-5,down
NHPC.NS,84.09,5.28,78.87,-2.1,11.65,-3.32,85,"[13, 88, 89, 86, 85]","[-1.15, -3.71, -3.28, -2.05, -2.1]","[-1.82, -5.81, -5.16, -3.24, -3.32]",False,36,NHPC,-4,down
HUDCO.NS,216.7,10.06,202.91,-1.48,11.1,-3.16,85,"[6, 90, 89, 88, 85]","[-3.83, -3.43, -2.44, -2.1, -1.48]","[-8.16, -7.33, -5.23, -4.5, -3.16]",False,37,HUDCO,-10,down
TITAGARH.NS,786.25,18.32,781.1,-1.24,10.5,-2.99,85,"[80, 83, 85]","[0.21, -0.64, -1.24]","[0.5, -1.55, -2.99]",True,38,TITAGARH,0,stable
SHYAMMETL.NS,883.7,10.72,847.77,-0.98,5.99,-1.71,84,"[85, 84, 84]","[-1.27, -1.13, -0.98]","[-2.22, -1.98, -1.71]",False,39,SHYAMMETL,-3,down
VBL.NS,523.1,2.6,460.3,-0.76,5.0,-1.42,84,"[3, 93, 90, 89, 84]","[-6.85, -5.39, -2.78, -2.78, -0.76]","[-12.75, -10.02, -5.27, -5.27, -1.42]",False,40,VBL,-15,down
IGIL.NS,354.7,13.66,336.14,-0.41,3.42,-0.97,83,[83],[-0.41],[-0.97],False,41,IGIL,0,new
ADANIENT.NS,2425.9,9.36,2225.25,-0.29,2.21,-0.63,83,"[9, 89, 89, 83, 83]","[-2.28, -2.97, -2.36, -0.76, -0.29]","[-4.84, -6.3, -5.01, -1.63, -0.63]",False,42,ADANIENT,-5,down
SUNPHARMA.NS,1778.7,2.59,1706.88,-0.34,1.51,-0.43,82,"[81, 82, 82]","[0.14, -1.08, -0.34]","[0.18, -1.36, -0.43]",False,43,SUNPHARMA,-4,down
BLUESTARCO.NS,1837.3,8.9,1811.07,-0.09,0.66,-0.19,82,"[5, 93, 90, 82, 82]","[-4.41, -5.02, -2.83, -0.65, -0.09]","[-8.77, -10.0, -5.72, -1.28, -0.19]",False,44,BLUESTARCO,-4,down
PREMIERENE.NS,1039.15,7.64,907.73,0.11,-0.9,0.26,82,"[21, 83, 82, 85, 82]","[1.55, -0.05, -0.15, -1.27, 0.11]","[3.53, -0.11, -0.34, -2.86, 0.26]",False,45,PREMIERENE,-11,down
KIRLOSBROS.NS,1739.8,25.94,1691.23,0.3,-2.86,0.81,81,"[81, 86, 81]","[-0.03, -1.23, 0.3]","[-0.07, -3.28, 0.81]",False,46,KIRLOSBROS,-15,down
WELSPUNLIV.NS,130.29,13.29,127.31,0.27,-2.88,0.82,81,"[19, 84, 80, 81, 81]","[0.84, -0.09, 0.45, -0.01, 0.27]","[2.56, -0.26, 1.36, -0.03, 0.82]",False,47,WELSPUNLIV,-4,down
POLICYBZR.NS,1684.3,13.95,1654.58,0.48,-3.6,1.03,80,"[16, 82, 83, 80, 80]","[0.5, 0.31, -0.86, 0.07, 0.48]","[1.08, 0.65, -1.83, 0.16, 1.03]",False,48,POLICYBZR,-4,down
TATACONSUM.NS,1168.0,3.68,1128.3,1.02,-4.64,1.32,80,"[23, 75, 77, 80, 80]","[5.06, 4.27, 2.21, 0.41, 1.02]","[6.51, 5.5, 2.85, 0.53, 1.32]",False,49,TATACONSUM,-4,down
AJANTPHARM.NS,2804.2,10.11,2733.94,1.0,-5.7,1.62,79,"[22, 76, 74, 77, 79]","[2.69, 2.7, 3.59, 2.24, 1.0]","[4.36, 4.37, 5.83, 3.65, 1.62]",False,50,AJANTPHARM,1,up
OBEROIRLTY.NS,1700.3,14.2,1616.13,1.02,-6.23,1.77,79,"[23, 80, 78, 79, 79]","[2.65, 1.36, 1.09, 0.43, 1.02]","[4.6, 2.36, 1.89, 0.75, 1.77]",False,51,OBEROIRLTY,-5,down
OLECTRA.NS,1256.85,24.78,1192.59,0.68,-6.91,1.97,79,"[14, 86, 82, 78, 79]","[-0.48, -1.15, -0.22, 1.05, 0.68]","[-1.38, -3.3, -0.64, 3.03, 1.97]",False,52,OLECTRA,-3,down
DMART.NS,4593.4,4.88,4091.13,1.34,-7.38,2.1,78,"[21, 80, 79, 79, 78]","[2.4, 1.48, 1.03, 0.51, 1.34]","[3.77, 2.33, 1.61, 0.81, 2.1]",False,53,DMART,-6,down
HAL.NS,4351.6,14.14,4307.81,1.34,-8.37,2.38,78,"[78, 78, 78]","[0.98, 1.12, 1.34]","[1.74, 1.98, 2.38]",False,54,HAL,-6,down
MAZDOCK.NS,2769.7,25.71,2570.14,1.04,-8.95,2.55,77,"[15, 85, 84, 84, 77]","[-0.0, -1.0, -0.81, -0.97, 1.04]","[-0.0, -2.44, -1.99, -2.38, 2.55]",False,55,MAZDOCK,-20,down
AKUMS.NS,543.7,8.47,478.57,1.34,-9.11,2.59,77,"[29, 79, 75, 73, 77]","[5.67, 1.35, 2.57, 2.79, 1.34]","[10.93, 2.61, 5.01, 5.45, 2.59]",False,56,AKUMS,4,up
NTPCGREEN.NS,110.53,7.01,97.8,1.57,-10.6,3.02,77,[77],[1.57],[3.02],False,57,NTPCGREEN,0,new
GRASIM.NS,2803.2,5.26,2765.4,2.26,-10.83,3.09,76,"[79, 76, 76]","[1.03, 2.93, 2.26]","[1.42, 4.0, 3.09]",False,58,GRASIM,-6,down
JUBLINGREA.NS,702.75,15.22,661.2,1.6,-14.21,4.05,76,"[31, 70, 73, 74, 76]","[4.83, 4.02, 2.46, 2.11, 1.6]","[12.23, 10.17, 6.2, 5.34, 4.05]",True,59,JUBLINGREA,-1,down
AADHARHFC.NS,488.75,9.47,480.94,2.66,-15.3,4.36,75,"[15, 81, 76, 77, 75]","[0.4, 1.05, 2.79, 1.85, 2.66]","[0.66, 1.74, 4.6, 3.05, 4.36]",False,60,AADHARHFC,-10,down
PNBHOUSING.NS,1053.05,6.02,889.08,2.11,-17.25,4.91,75,"[18, 77, 75, 74, 75]","[0.96, 1.37, 2.48, 2.11, 2.11]","[2.24, 3.2, 5.77, 4.91, 4.91]",False,61,PNBHOUSING,-4,down
VIJAYA.NS,1114.05,2.2,995.28,2.87,-18.02,5.13,74,"[14, 85, 86, 81, 74]","[-0.48, -1.62, -1.43, -0.36, 2.87]","[-0.88, -2.95, -2.61, -0.65, 5.13]",False,62,VIJAYA,-20,down
ATGL.NS,656.95,15.86,578.21,1.77,-18.12,5.16,74,"[18, 82, 77, 76, 74]","[0.77, 0.16, 0.83, 1.51, 1.77]","[2.25, 0.45, 2.41, 4.4, 5.16]",False,63,ATGL,-10,down
POWERGRID.NS,320.35,0.17,285.53,4.0,-18.34,5.22,74,"[24, 80, 73, 75, 74]","[5.02, 1.61, 4.62, 3.52, 4.0]","[6.66, 2.11, 6.03, 4.6, 5.22]",False,64,POWERGRID,-10,down
DIVISLAB.NS,6534.0,6.01,6279.11,3.88,-19.67,5.6,73,"[33, 73, 70, 69, 73]","[9.1, 5.77, 6.83, 6.15, 3.88]","[13.61, 8.47, 10.06, 9.07, 5.6]",False,65,DIVISLAB,2,up
MMTC.NS,65.52,23.61,62.83,1.88,-20.84,5.93,73,"[50, 55, 54, 53, 73]","[7.55, 5.92, 6.07, 5.65, 1.88]","[24.37, 19.1, 19.61, 18.23, 5.93]",False,66,MMTC,36,up
IKS.NS,1557.8,16.05,1539.99,2.77,-20.87,5.94,72,[72],[2.77],[5.94],False,67,IKS,0,new
IPCALAB.NS,1542.1,3.69,1451.65,3.65,-23.93,6.82,72,"[25, 72, 73, 75, 72]","[4.71, 5.03, 3.7, 2.48, 3.65]","[8.82, 9.43, 6.92, 4.64, 6.82]",False,68,IPCALAB,-13,down
PHOENIXLTD.NS,1790.3,8.23,1682.45,4.14,-26.04,7.41,72,"[29, 69, 72, 73, 72]","[5.96, 5.84, 4.01, 3.03, 4.14]","[10.74, 10.52, 7.15, 5.42, 7.41]",False,69,PHOENIXLTD,-10,down
AXISBANK.NS,1296.4,7.6,1259.96,5.0,-26.3,7.49,71,"[38, 67, 71, 72, 71]","[10.18, 7.99, 6.0, 4.61, 5.0]","[15.11, 11.78, 8.92, 6.89, 7.49]",False,70,AXISBANK,-8,down
TORNTPOWER.NS,1701.7,3.99,1397.08,4.09,-27.37,7.79,71,"[28, 73, 64, 67, 71]","[5.72, 4.38, 6.9, 5.57, 4.09]","[10.7, 8.21, 13.07, 10.55, 7.79]",False,71,TORNTPOWER,1,up
PVRINOX.NS,1092.55,11.96,1026.63,4.31,-27.91,7.95,70,"[71, 70]","[3.83, 4.31]","[7.04, 7.95]",False,72,PVRINOX,-9,down
APOLLOHOSP.NS,7709.0,3.65,7427.46,6.28,-27.94,7.96,70,"[27, 72, 69, 70, 70]","[8.13, 6.75, 8.43, 6.98, 6.28]","[10.29, 8.54, 10.68, 8.84, 7.96]",False,73,APOLLOHOSP,-7,down
GMRAIRPORT.NS,96.43,11.0,95.07,4.39,-29.32,8.35,69,[69],[4.39],[8.35],False,74,GMRAIRPORT,0,new
METROPOLIS.NS,478.8,14.2,474.32,4.66,-30.69,8.74,69,"[71, 69, 69]","[4.78, 5.41, 4.66]","[8.97, 10.16, 8.74]",False,75,METROPOLIS,-6,down
ITI.NS,302.77,17.02,293.39,3.26,-31.33,8.92,69,"[37, 69, 74, 70, 69]","[5.41, 3.82, 2.11, 3.15, 3.26]","[14.89, 10.51, 5.77, 8.61, 8.92]",False,76,ITI,-11,down
ATUL.NS,6812.0,11.19,6328.45,5.97,-33.93,9.66,68,"[44, 65, 67, 67, 68]","[11.36, 7.51, 7.07, 6.61, 5.97]","[18.81, 12.2, 11.47, 10.7, 9.66]",False,77,ATUL,-4,down
DCMSHRIRAM.NS,1164.8,18.53,1164.78,4.51,-35.56,10.13,68,"[34, 70, 67, 65, 68]","[6.14, 4.63, 5.23, 5.02, 4.51]","[13.79, 10.39, 11.74, 11.27, 10.13]",False,78,DCMSHRIRAM,-2,down
THERMAX.NS,3990.0,4.66,3259.2,5.31,-35.72,10.17,67,"[45, 58, 52, 57, 67]","[10.47, 9.15, 10.87, 8.67, 5.31]","[20.08, 17.57, 21.0, 16.87, 10.17]",False,79,THERMAX,15,up
MARICO.NS,779.3,3.83,745.47,9.17,-36.61,10.43,67,"[27, 63, 66, 69, 67]","[8.69, 12.07, 10.62, 8.85, 9.17]","[10.05, 13.8, 12.08, 10.06, 10.43]",False,80,MARICO,-12,down
LUPIN.NS,2311.4,1.95,2157.15,8.12,-37.0,10.54,67,"[47, 61, 61, 66, 67]","[16.37, 11.48, 10.96, 8.39, 8.12]","[21.62, 14.99, 14.28, 10.89, 10.54]",False,81,LUPIN,-7,down
CGCL.NS,183.69,12.14,178.71,4.59,-37.58,10.7,66,"[28, 72, 70, 66, 66]","[4.46, 4.11, 4.33, 4.69, 4.59]","[10.4, 9.59, 10.1, 10.93, 10.7]",False,82,CGCL,-7,down
TRITURBINE.NS,574.6,13.23,514.13,5.32,-40.01,11.39,66,"[35, 66, 60, 63, 66]","[6.77, 5.65, 6.87, 5.85, 5.32]","[14.5, 12.1, 14.75, 12.52, 11.39]",False,83,TRITURBINE,-2,down
INDUSINDBK.NS,913.75,5.27,848.37,6.49,-40.27,11.47,65,"[25, 79, 60, 64, 65]","[4.68, 1.36, 8.11, 6.51, 6.49]","[8.26, 2.38, 14.3, 11.5, 11.47]",False,84,INDUSINDBK,-6,down
AUROPHARMA.NS,1396.8,2.69,1217.02,6.92,-40.27,11.47,65,"[48, 57, 54, 62, 65]","[13.61, 10.77, 11.72, 8.78, 6.92]","[22.98, 18.14, 19.73, 14.53, 11.47]",False,85,AUROPHARMA,-1,down
DRREDDY.NS,1329.8,1.83,1258.49,7.97,-40.29,11.47,64,[64],[7.97],[11.47],False,86,DRREDDY,0,new
PFC.NS,464.75,3.46,396.46,6.47,-40.73,11.6,64,"[39, 65, 64, 59, 64]","[8.73, 6.85, 7.31, 8.93, 6.47]","[15.61, 12.17, 13.01, 15.89, 11.6]",False,87,PFC,3,up
JSWENERGY.NS,560.4,3.53,503.63,6.17,-40.99,11.67,64,"[30, 76, 63, 61, 64]","[5.92, 2.66, 6.99, 7.77, 6.17]","[10.97, 4.94, 13.13, 14.61, 11.67]",False,88,JSWENERGY,-3,down
TIINDIA.NS,2965.1,12.83,2740.82,5.49,-41.47,11.81,63,"[49, 62, 64, 63, 63]","[11.07, 6.79, 6.03, 5.78, 5.49]","[23.85, 14.63, 12.97, 12.42, 11.81]",False,89,TIINDIA,-9,down
ONESOURCE.NS,1762.5,19.81,1600.92,4.19,-41.7,11.88,63,[63],[4.19],[11.88],False,90,ONESOURCE,0,new
ASTRAL.NS,1552.8,11.08,1516.66,6.34,-41.82,11.91,62,"[46, 59, 66, 68, 62]","[11.01, 9.14, 6.6, 5.5, 6.34]","[20.84, 17.26, 12.46, 10.34, 11.91]",False,91,ASTRAL,-21,down
NEULANDLAB.NS,14656.0,19.09,14149.77,4.29,-42.67,12.15,62,"[41, 71, 65, 62, 62]","[5.98, 3.44, 4.57, 4.61, 4.29]","[16.91, 9.75, 12.97, 13.09, 12.15]",False,92,NEULANDLAB,-9,down
CREDITACC.NS,1289.2,12.72,1272.5,5.1,-42.97,12.24,62,[62],[5.1],[12.24],False,93,CREDITACC,0,new
SOBHA.NS,1449.7,14.78,1436.34,5.62,-43.3,12.33,61,[61],[5.62],[12.33],False,94,SOBHA,0,new
LINDEINDIA.NS,7307.5,3.52,6545.51,6.7,-43.96,12.52,61,"[40, 68, 68, 68, 61]","[8.51, 6.01, 6.08, 5.59, 6.7]","[16.06, 11.23, 11.37, 10.45, 12.52]",False,95,LINDEINDIA,-24,down
ZFCVINDIA.NS,14727.0,7.81,14136.8,6.66,-44.48,12.67,60,"[35, 60, 60, 59, 60]","[7.58, 7.97, 7.82, 7.95, 6.66]","[14.44, 15.17, 14.88, 15.14, 12.67]",False,96,ZFCVINDIA,-7,down
3MINDIA.NS,33175.0,11.85,32902.53,6.97,-45.49,12.95,60,"[62, 62, 60]","[7.65, 6.89, 6.97]","[14.2, 12.79, 12.95]",False,97,3MINDIA,-15,down
CENTURYPLY.NS,823.05,2.48,757.33,7.49,-45.53,12.97,59,"[26, 74, 72, 71, 59]","[5.34, 4.7, 4.11, 4.34, 7.49]","[9.12, 8.03, 7.02, 7.4, 12.97]",False,98,CENTURYPLY,-34,down
NTPC.NS,401.3,2.17,354.2,11.48,-47.08,13.41,59,"[33, 64, 58, 60, 59]","[11.57, 11.33, 14.49, 12.7, 11.48]","[13.42, 13.14, 16.87, 14.78, 13.41]",False,99,NTPC,-12,down
NSLNISP.NS,42.5,10.85,40.63,5.35,-47.78,13.61,59,"[36, 67, 68, 65, 59]","[5.82, 4.64, 4.46, 4.51, 5.35]","[14.79, 11.79, 11.33, 11.45, 13.61]",False,100,NSLNISP,-23,down
AARTIIND.NS,502.35,0.0,412.34,6.35,-48.69,13.87,58,"[41, 64, 65, 58, 58]","[7.65, 5.7, 5.9, 7.41, 6.35]","[16.86, 12.42, 12.88, 16.22, 13.87]",False,101,AARTIIND,-10,down
FINCABLES.NS,1003.25,0.2,835.02,7.73,-51.58,14.69,58,"[26, 71, 62, 61, 58]","[5.01, 5.09, 7.07, 7.76, 7.73]","[9.46, 9.63, 13.45, 14.73, 14.69]",False,102,FINCABLES,-16,down
TATAPOWER.NS,451.5,2.23,390.19,10.64,-51.72,14.73,57,"[33, 66, 57, 54, 57]","[9.87, 8.85, 12.59, 12.9, 10.64]","[13.4, 11.95, 17.31, 17.76, 14.73]",False,103,TATAPOWER,-3,down
OFSS.NS,9688.0,0.0,7778.0,7.87,-55.61,15.84,57,"[39, 60, 53, 57, 57]","[7.88, 7.6, 9.77, 8.14, 7.87]","[15.9, 15.33, 19.88, 16.39, 15.84]",False,104,OFSS,-11,down
SOLARINDS.NS,15377.0,12.57,13843.01,8.08,-56.71,16.15,56,"[58, 52, 56, 55, 56]","[14.46, 10.34, 9.47, 8.52, 8.08]","[28.8, 20.76, 18.97, 17.04, 16.15]",False,105,SOLARINDS,-7,down
VOLTAS.NS,1474.8,5.54,1392.35,8.8,-56.97,16.23,56,"[32, 68, 63, 56, 56]","[7.1, 6.34, 7.18, 9.23, 8.8]","[13.13, 11.7, 13.3, 16.98, 16.23]",False,106,VOLTAS,-9,down
BEML.NS,1829.5,23.46,1802.73,5.93,-57.14,16.27,56,"[58, 56, 56]","[5.68, 6.17, 5.93]","[15.58, 16.93, 16.27]",False,107,BEML,-11,down
BANDHANBNK.NS,198.3,0.0,162.47,7.33,-60.43,17.21,55,"[28, 76, 71, 72, 55]","[4.66, 2.23, 3.97, 2.53, 7.33]","[10.52, 4.96, 8.89, 5.68, 17.21]",False,108,BANDHANBNK,-47,down
LTFOODS.NS,425.1,15.91,405.8,6.49,-61.22,17.43,55,"[43, 56, 55, 58, 55]","[6.63, 6.83, 7.27, 6.05, 6.49]","[17.79, 18.34, 19.54, 16.24, 17.43]",False,109,LTFOODS,-17,down
TECHNOE.NS,1297.55,20.2,1181.98,7.44,-65.55,18.67,54,"[45, 74, 59, 64, 54]","[7.33, 2.6, 5.99, 4.76, 7.44]","[18.83, 6.52, 15.04, 11.97, 18.67]",False,110,TECHNOE,-31,down
ZENTEC.NS,1686.0,24.27,1457.45,7.88,-67.66,19.27,54,"[37, 63, 57, 55, 54]","[6.19, 5.6, 7.34, 7.13, 7.88]","[15.08, 13.68, 17.95, 17.45, 19.27]",False,111,ZENTEC,-12,down
BAJAJ-AUTO.NS,9543.5,5.6,9207.36,13.71,-67.81,19.31,54,"[47, 56, 50, 54, 54]","[15.59, 13.52, 15.42, 12.67, 13.71]","[22.13, 19.05, 21.69, 17.85, 19.31]",False,112,BAJAJ-AUTO,-11,down
FACT.NS,908.85,14.47,856.33,6.94,-68.11,19.4,53,"[46, 61, 55, 52, 53]","[7.59, 5.32, 6.84, 7.02, 6.94]","[21.17, 14.87, 19.12, 19.64, 19.4]",False,113,FACT,-9,down
SARDAEN.NS,593.25,5.25,523.69,8.02,-71.65,20.4,53,"[48, 55, 51, 51, 53]","[8.99, 7.61, 8.42, 8.21, 8.02]","[22.75, 19.26, 21.39, 20.87, 20.4]",False,114,SARDAEN,-8,down
ELGIEQUIP.NS,565.85,4.67,496.66,9.41,-72.58,20.67,52,"[54, 52, 53, 56, 52]","[12.5, 9.45, 9.27, 7.71, 9.41]","[27.6, 20.82, 20.42, 16.91, 20.67]",False,115,ELGIEQUIP,-20,down
COCHINSHIP.NS,1773.8,25.41,1591.43,7.34,-72.93,20.77,52,"[62, 60, 52]","[4.78, 5.26, 7.34]","[13.47, 14.82, 20.77]",False,116,COCHINSHIP,-28,down
NUVAMA.NS,1346.0,14.8,1326.04,9.03,-73.4,20.9,51,"[53, 50, 48, 50, 51]","[11.73, 9.93, 9.96, 9.94, 9.03]","[27.03, 22.92, 23.0, 22.96, 20.9]",False,117,NUVAMA,-8,down
APLAPOLLO.NS,1966.6,13.78,1922.3,12.52,-74.02,21.08,51,"[54, 45, 48, 51, 51]","[16.48, 15.3, 13.67, 13.14, 12.52]","[27.72, 25.76, 23.0, 22.11, 21.08]",False,118,APLAPOLLO,-11,down
ENRIN.NS,3310.0,8.07,2904.23,10.16,-74.51,21.22,51,[51],[10.16],[21.22],False,119,ENRIN,0,new
NESTLEIND.NS,1465.6,0.0,1252.61,16.64,-75.94,21.63,50,"[43, 54, 56, 53, 50]","[13.81, 15.17, 14.6, 15.05, 16.64]","[17.86, 19.61, 18.88, 19.49, 21.63]",False,120,NESTLEIND,-17,down
CESC.NS,186.78,2.35,162.26,11.73,-76.28,21.72,50,"[42, 60, 49, 50, 50]","[9.67, 8.32, 11.9, 12.63, 11.73]","[17.75, 15.23, 21.95, 23.33, 21.72]",False,121,CESC,-11,down
NATCOPHARM.NS,1093.6,2.68,928.36,9.86,-76.66,21.83,49,"[58, 39, 39, 39, 49]","[13.41, 14.4, 13.57, 13.43, 9.86]","[30.22, 32.51, 30.61, 30.31, 21.83]",False,122,NATCOPHARM,10,up
JSWSTEEL.NS,1279.7,0.23,1165.01,14.36,-80.23,22.85,49,"[51, 52, 47, 48, 49]","[15.76, 13.72, 14.56, 14.87, 14.36]","[25.14, 21.77, 23.17, 23.66, 22.85]",False,123,JSWSTEEL,-10,down
WAAREEENER.NS,3502.9,6.28,3069.8,8.51,-82.22,23.42,49,[49],[8.51],[23.42],False,124,WAAREEENER,0,new
AIAENG.NS,3937.2,4.17,3669.77,14.34,-87.09,24.8,48,"[59, 43, 42, 40, 48]","[17.56, 16.72, 16.56, 16.29, 14.34]","[30.29, 28.88, 28.61, 28.15, 24.8]",False,125,AIAENG,5,up
CANFINHOME.NS,871.75,8.26,853.34,15.23,-87.41,24.89,48,"[56, 47, 44, 52, 48]","[17.06, 15.06, 15.56, 12.27, 15.23]","[28.38, 24.8, 25.63, 20.39, 24.89]",False,126,CANFINHOME,-21,down
HDFCAMC.NS,2787.9,5.37,2626.9,13.12,-87.49,24.92,47,"[59, 46, 46, 49, 47]","[15.96, 13.14, 12.91, 12.3, 13.12]","[30.82, 24.95, 24.52, 23.35, 24.92]",False,127,HDFCAMC,-16,down
LT.NS,4096.1,7.29,3880.5,16.39,-88.7,25.26,47,"[52, 48, 44, 49, 47]","[16.9, 15.27, 16.61, 15.25, 16.39]","[26.01, 23.51, 25.59, 23.46, 25.26]",False,128,LT,-16,down
MRPL.NS,173.28,16.2,163.5,8.69,-88.87,25.31,46,"[69, 36, 49, 45, 46]","[13.96, 12.15, 7.84, 8.78, 8.69]","[40.19, 34.9, 22.83, 25.57, 25.31]",False,129,MRPL,-9,down
HFCL.NS,107.1,0.13,75.06,9.96,-89.86,25.59,46,"[42, 59, 45, 46, 46]","[6.9, 6.64, 9.64, 9.84, 9.96]","[17.52, 16.85, 24.76, 25.27, 25.59]",False,130,HFCL,-13,down
OIL.NS,492.85,2.79,444.2,14.1,-90.47,25.76,46,"[53, 49, 52, 45, 46]","[14.64, 12.66, 11.67, 13.98, 14.1]","[26.65, 22.94, 21.09, 25.55, 25.76]",False,131,OIL,-12,down
VTL.NS,608.75,0.07,485.56,11.77,-92.52,26.35,45,"[36, 54, 46, 48, 45]","[6.53, 8.87, 10.55, 10.62, 11.77]","[14.6, 19.92, 23.67, 23.83, 26.35]",False,132,VTL,-18,down
AMBER.NS,8082.0,5.21,7152.29,10.88,-93.12,26.52,45,"[41, 62, 49, 47, 45]","[6.82, 6.11, 9.1, 9.87, 10.88]","[16.59, 14.85, 22.25, 24.13, 26.52]",False,133,AMBER,-18,down
IFCI.NS,58.26,18.81,55.96,8.66,-95.82,27.29,44,"[67, 42, 34, 39, 44]","[12.58, 9.83, 11.05, 9.68, 8.66]","[39.52, 30.83, 34.72, 30.43, 27.29]",False,134,IFCI,-1,down
ONGC.NS,301.4,0.0,254.54,20.02,-96.24,27.41,44,"[50, 53, 50, 44, 44]","[17.81, 15.13, 16.22, 18.93, 20.02]","[23.92, 20.19, 21.63, 25.95, 27.41]",False,135,ONGC,-14,down
CGPOWER.NS,825.6,1.46,697.32,14.41,-98.62,28.08,44,"[62, 45, 43, 44, 44]","[17.93, 13.69, 14.0, 13.41, 14.41]","[35.46, 26.8, 27.4, 26.19, 28.08]",False,136,CGPOWER,-13,down
TORNTPHARM.NS,4231.5,4.82,3917.49,22.16,-99.64,28.38,43,"[57, 44, 38, 43, 43]","[22.33, 21.59, 24.17, 20.82, 22.16]","[28.54, 27.61, 31.12, 26.62, 28.38]",False,137,TORNTPHARM,-13,down
ANGELONE.NS,313.1,4.71,255.6,10.54,-99.9,28.45,43,"[68, 41, 40, 38, 43]","[14.67, 11.44, 10.97, 11.31, 10.54]","[39.74, 30.88, 29.57, 30.5, 28.45]",False,138,ANGELONE,-4,down
COALINDIA.NS,479.9,0.0,411.82,20.73,-99.93,28.46,42,"[46, 51, 51, 46, 42]","[15.55, 16.23, 15.95, 18.56, 20.73]","[20.93, 21.86, 21.5, 25.29, 28.46]",False,139,COALINDIA,-21,down
ADANIGREEN.NS,1244.8,0.41,990.34,10.69,-99.97,28.47,42,"[56, 43, 39, 38, 42]","[10.58, 10.97, 11.39, 11.71, 10.69]","[28.19, 29.23, 30.36, 31.23, 28.47]",False,140,ADANIGREEN,-4,down
TVSMOTOR.NS,3553.9,9.81,3525.92,17.49,-100.31,28.57,41,[41],[17.49],[28.57],False,141,TVSMOTOR,0,new
SONACOMS.NS,599.7,0.0,500.81,14.15,-100.68,28.67,41,"[55, 47, 38, 44, 41]","[13.72, 12.12, 15.14, 12.8, 14.15]","[28.04, 24.8, 31.21, 25.98, 28.67]",False,142,SONACOMS,-20,down
ABB.NS,7264.5,4.25,5784.37,17.2,-100.89,28.73,41,[41],[17.2],[28.73],False,143,ABB,0,new
KPIL.NS,1264.3,3.82,1170.65,14.73,-101.19,28.82,40,"[63, 48, 42, 41, 40]","[18.01, 12.09, 14.13, 14.24, 14.73]","[36.35, 23.65, 27.64, 27.85, 28.82]",False,144,KPIL,-15,down
EICHERMOT.NS,7189.5,12.22,6980.63,18.33,-101.44,28.89,40,[40],[18.33],[28.89],False,145,EICHERMOT,0,new
HSCL.NS,601.6,0.0,470.8,14.36,-102.71,29.25,39,"[40, 57, 56, 50, 39]","[7.97, 9.08, 9.3, 11.19, 14.36]","[15.94, 18.33, 18.79, 22.5, 29.25]",False,146,HSCL,-38,down
JBCHEPHARM.NS,2061.2,3.62,1877.24,20.45,-103.42,29.45,39,"[49, 50, 45, 40, 39]","[16.05, 15.18, 17.0, 20.99, 20.45]","[23.47, 22.2, 24.95, 30.26, 29.45]",False,147,JBCHEPHARM,-16,down
BOSCHLTD.NS,36345.0,12.41,35735.3,16.48,-103.86,29.58,38,"[65, 37, 34, 35, 38]","[21.17, 18.9, 19.38, 18.55, 16.48]","[37.75, 33.77, 34.65, 33.12, 29.58]",False,148,BOSCHLTD,-6,down
JPPOWER.NS,20.2,25.82,17.01,8.86,-104.13,29.65,38,"[56, 51, 47, 42, 38]","[8.53, 6.51, 7.05, 8.09, 8.86]","[28.51, 21.78, 23.61, 27.07, 29.65]",False,149,JPPOWER,-23,down
IDEA.NS,10.29,14.68,9.62,9.46,-104.5,29.76,38,"[51, 47, 38]","[6.88, 7.71, 9.46]","[21.58, 24.22, 29.76]",False,150,IDEA,-34,down
MANAPPURAM.NS,295.35,7.52,279.42,15.42,-105.55,30.06,37,[37],[15.42],[30.06],False,151,MANAPPURAM,0,new
SIEMENS.NS,3776.8,2.27,3218.66,16.4,-105.62,30.08,37,"[65, 37, 33, 34, 37]","[20.51, 18.96, 19.1, 18.15, 16.4]","[37.52, 34.73, 34.99, 33.26, 30.08]",False,152,SIEMENS,-9,down
KSB.NS,985.3,1.47,797.86,17.36,-110.15,31.37,36,"[62, 40, 35, 38, 36]","[19.34, 17.8, 18.65, 17.03, 17.36]","[34.84, 32.05, 33.69, 30.78, 31.37]",False,153,KSB,-18,down
TITAN.NS,4439.8,1.9,4002.49,23.58,-111.14,31.65,36,"[62, 38, 35, 37, 36]","[25.62, 24.28, 24.95, 23.8, 23.58]","[34.33, 32.59, 33.49, 31.96, 31.65]",False,154,TITAN,-16,down
SCHAEFFLER.NS,4326.8,0.65,3934.77,16.71,-111.86,31.85,36,"[60, 39, 36, 37, 36]","[16.58, 17.06, 17.19, 16.58, 16.71]","[31.52, 32.47, 32.73, 31.6, 31.85]",False,155,SCHAEFFLER,-18,down
NLCINDIA.NS,318.2,0.0,258.34,15.76,-112.19,31.95,35,"[51, 49, 40, 36, 35]","[12.67, 11.62, 14.89, 16.14, 15.76]","[25.46, 23.29, 30.18, 32.72, 31.95]",False,156,NLCINDIA,-17,down
STARHEALTH.NS,533.25,0.0,465.06,19.59,-113.44,32.3,35,"[61, 42, 41, 41, 35]","[19.64, 18.15, 17.46, 16.73, 19.59]","[32.27, 29.82, 28.64, 27.41, 32.3]",False,157,STARHEALTH,-29,down
J&KBANK.NS,134.64,0.0,110.44,15.13,-117.47,33.45,34,"[54, 56, 59, 42, 34]","[11.96, 8.21, 6.84, 12.39, 15.13]","[27.78, 18.83, 15.56, 27.14, 33.45]",False,158,J&KBANK,-31,down
LLOYDSME.NS,1772.2,0.0,1331.45,14.19,-118.23,33.67,34,"[60, 40, 38, 35, 34]","[13.53, 13.31, 13.16, 13.93, 14.19]","[32.1, 31.59, 31.22, 33.05, 33.67]",False,159,LLOYDSME,-18,down
TIMKEN.NS,3440.6,5.3,3192.85,18.07,-120.52,34.32,33,"[70, 35, 33, 33, 33]","[21.68, 18.9, 18.69, 19.21, 18.07]","[40.97, 35.8, 35.41, 36.35, 34.32]",False,160,TIMKEN,-14,down
UNIONBANK.NS,167.31,17.28,165.12,16.24,-121.47,34.59,33,"[72, 30, 29, 33, 33]","[22.09, 19.95, 19.98, 17.07, 16.24]","[46.77, 42.25, 42.32, 36.31, 34.59]",False,161,UNIONBANK,-16,down
ADANIPORTS.NS,1661.1,0.0,1457.24,19.96,-122.92,35.0,33,"[55, 44, 36, 36, 33]","[15.98, 16.12, 18.66, 18.72, 19.96]","[27.89, 28.13, 32.7, 32.8, 35.0]",False,162,ADANIPORTS,-22,down
JINDALSTEL.NS,1228.1,4.71,1106.29,19.44,-124.74,35.52,32,"[71, 32, 31, 31, 32]","[23.36, 21.41, 22.02, 20.88, 19.44]","[42.56, 38.85, 40.01, 37.97, 35.52]",False,163,JINDALSTEL,-13,down
HINDZINC.NS,613.05,15.7,547.92,15.13,-126.81,36.11,32,"[64, 38, 27, 29, 32]","[15.83, 13.88, 18.3, 16.7, 15.13]","[37.34, 32.66, 43.69, 39.93, 36.11]",False,164,HINDZINC,-9,down
SBIN.NS,1086.9,11.48,1007.21,27.69,-127.49,36.31,31,"[69, 34, 32, 32, 31]","[30.42, 28.72, 29.0, 28.11, 27.69]","[39.97, 37.53, 37.91, 36.85, 36.31]",False,165,SBIN,-17,down
MOTHERSON.NS,123.24,8.64,114.47,17.03,-128.09,36.48,31,"[74, 29, 26, 30, 31]","[22.44, 20.15, 20.93, 18.29, 17.03]","[47.97, 43.01, 44.74, 39.14, 36.48]",False,166,MOTHERSON,-14,down
ACMESOLAR.NS,303.1,4.84,253.99,14.6,-128.39,36.56,31,[31],[14.6],[36.56],False,167,ACMESOLAR,0,new
JSL.NS,782.4,9.51,757.93,17.78,-131.05,37.32,30,"[67, 36, 36, 34, 30]","[18.4, 16.69, 15.75, 16.68, 17.78]","[38.71, 35.11, 33.08, 35.0, 37.32]",False,168,JSL,-24,down
NYKAA.NS,267.85,4.57,249.28,21.3,-132.75,37.8,30,"[66, 34, 28, 28, 30]","[21.43, 20.64, 24.27, 22.54, 21.3]","[38.22, 36.76, 43.23, 39.99, 37.8]",False,169,NYKAA,-13,down
INDIACEM.NS,401.85,16.03,400.58,16.7,-133.68,38.07,29,"[73, 31, 23, 25, 29]","[21.41, 18.64, 22.44, 20.08, 16.7]","[47.05, 41.24, 50.5, 45.45, 38.07]",False,170,INDIACEM,-8,down
ASTERDM.NS,699.5,2.82,633.52,19.61,-134.44,38.29,29,"[66, 32, 30, 28, 29]","[19.82, 21.06, 21.21, 20.64, 19.61]","[38.49, 41.03, 41.33, 40.27, 38.29]",False,171,ASTERDM,-14,down
HEG.NS,658.4,1.5,547.67,14.66,-135.57,38.61,28,"[69, 35, 31, 29, 28]","[15.24, 13.89, 14.82, 15.05, 14.66]","[40.04, 36.56, 39.03, 39.63, 38.61]",False,172,HEG,-18,down
SHRIRAMFIN.NS,956.85,13.38,894.19,16.98,-136.27,38.81,28,"[74, 28, 30, 31, 28]","[20.89, 19.99, 17.53, 16.12, 16.98]","[47.45, 45.38, 40.01, 36.86, 38.81]",False,173,SHRIRAMFIN,-24,down
FORTIS.NS,935.2,14.82,890.33,23.13,-140.75,40.08,28,"[68, 31, 28, 27, 28]","[22.9, 24.17, 25.2, 23.57, 23.13]","[39.62, 41.76, 43.68, 40.79, 40.08]",False,174,FORTIS,-16,down
RADICO.NS,3458.5,0.0,2919.91,19.14,-141.27,40.23,27,"[59, 41, 37, 32, 27]","[14.45, 14.84, 15.35, 17.45, 19.14]","[30.22, 31.01, 32.17, 36.66, 40.23]",False,175,RADICO,-28,down
ENGINERSIN.NS,250.95,2.56,203.12,15.81,-141.61,40.33,27,"[64, 32, 29, 27, 27]","[14.85, 15.29, 16.89, 16.34, 15.81]","[37.52, 38.62, 43.04, 41.63, 40.33]",False,176,ENGINERSIN,-17,down
NMDC.NS,91.73,0.0,77.73,23.42,-143.62,40.9,26,"[66, 33, 32, 30, 26]","[22.02, 21.52, 22.35, 22.59, 23.42]","[38.49, 37.53, 39.01, 39.44, 40.9]",False,177,NMDC,-24,down
FEDERALBNK.NS,284.75,5.04,257.59,26.06,-147.09,41.89,26,"[79, 27, 25, 25, 26]","[32.49, 28.65, 29.16, 28.92, 26.06]","[52.52, 45.9, 46.71, 46.35, 41.89]",False,178,FEDERALBNK,-14,down
BEL.NS,437.55,6.6,418.82,26.22,-154.76,44.07,26,"[79, 25, 27, 26, 26]","[31.87, 29.3, 26.49, 25.82, 26.22]","[53.45, 49.15, 44.54, 43.41, 44.07]",False,179,BEL,-19,down
NAVA.NS,666.35,6.59,585.1,17.79,-154.95,44.12,25,"[75, 33, 31, 31, 25]","[19.4, 15.34, 15.82, 15.2, 17.79]","[48.22, 38.31, 39.55, 37.97, 44.12]",False,180,NAVA,-29,down
HONASA.NS,346.15,1.55,295.33,19.77,-160.99,45.85,25,"[74, 24, 24, 24, 25]","[20.74, 21.22, 20.81, 20.29, 19.77]","[48.08, 49.22, 48.25, 47.06, 45.85]",False,181,HONASA,-15,down
ADANIENSOL.NS,1418.15,1.23,1000.3,19.88,-166.67,47.46,24,"[77, 23, 19, 21, 24]","[20.52, 21.18, 22.78, 22.14, 19.88]","[48.91, 50.61, 54.45, 52.9, 47.46]",False,182,ADANIENSOL,-11,down
INOXINDIA.NS,1502.7,5.66,1206.74,25.22,-168.25,47.91,24,"[80, 28, 25, 26, 24]","[28.98, 23.84, 24.07, 23.28, 25.22]","[54.65, 45.28, 45.72, 44.27, 47.91]",False,183,INOXINDIA,-22,down
POLYCAB.NS,8148.5,5.37,7441.17,27.05,-170.82,48.65,23,"[77, 24, 24, 23, 23]","[28.41, 27.34, 26.3, 26.57, 27.05]","[51.3, 49.25, 47.31, 47.83, 48.65]",False,184,POLYCAB,-17,down
GRANULES.NS,704.55,0.09,578.34,25.48,-171.24,48.76,23,"[73, 28, 26, 25, 23]","[24.63, 22.96, 23.57, 23.9, 25.48]","[47.39, 44.01, 45.2, 45.85, 48.76]",False,185,GRANULES,-22,down
SAILIFE.NS,1055.1,1.32,915.42,21.95,-172.23,49.05,23,[23],[21.95],[49.05],False,186,SAILIFE,0,new
AUBANK.NS,1017.65,4.5,915.05,27.09,-174.2,49.61,22,"[92, 10, 10, 20, 22]","[41.43, 37.41, 36.86, 29.36, 27.09]","[80.3, 71.1, 70.13, 53.89, 49.61]",False,187,AUBANK,-14,down
BHEL.NS,344.5,2.88,267.49,22.63,-174.77,49.77,22,"[76, 25, 21, 19, 22]","[22.37, 22.39, 24.21, 24.73, 22.63]","[48.78, 48.82, 52.99, 54.19, 49.77]",False,188,BHEL,-13,down
GPIL.NS,303.2,0.77,255.44,21.47,-177.97,50.68,21,"[80, 23, 22, 22, 21]","[23.35, 21.68, 21.46, 21.97, 21.47]","[55.03, 51.15, 50.6, 51.85, 50.68]",False,189,GPIL,-19,down
KAJARIACER.NS,1228.15,5.26,1053.79,26.0,-181.78,51.77,21,"[75, 24, 20, 23, 21]","[24.32, 24.86, 26.87, 25.49, 26.0]","[48.17, 49.27, 53.35, 50.72, 51.77]",False,190,KAJARIACER,-22,down
USHAMART.NS,461.8,4.11,418.91,23.97,-183.64,52.3,21,"[70, 29, 24, 22, 21]","[19.43, 19.84, 22.38, 23.31, 23.97]","[42.22, 43.12, 48.9, 50.85, 52.3]",False,191,USHAMART,-22,down
CUB.NS,277.37,8.08,254.05,23.48,-191.64,54.58,20,"[77, 26, 23, 17, 20]","[21.7, 20.43, 21.01, 24.61, 23.48]","[50.63, 47.69, 49.16, 57.3, 54.58]",False,192,CUB,-12,down
DELHIVERY.NS,466.3,3.83,429.24,28.14,-193.39,55.07,20,"[83, 20, 17, 21, 20]","[30.37, 27.58, 29.19, 27.43, 28.14]","[59.9, 54.01, 57.38, 53.7, 55.07]",False,193,DELHIVERY,-21,down
TATASTEEL.NS,215.88,0.0,186.28,32.74,-197.0,56.1,19,"[82, 19, 16, 19, 19]","[33.4, 31.72, 33.75, 32.62, 32.74]","[57.38, 54.45, 57.96, 55.9, 56.1]",False,194,TATASTEEL,-17,down
NAVINFLUOR.NS,6758.5,0.0,5824.33,26.61,-197.04,56.11,19,"[76, 20, 20, 20, 19]","[23.01, 25.42, 25.77, 25.69, 26.61]","[48.31, 53.5, 54.27, 54.11, 56.11]",False,195,NAVINFLUOR,-21,down
INDIANB.NS,875.55,11.7,838.19,28.66,-198.12,56.42,18,[18],[28.66],[56.42],False,196,INDIANB,0,new
NAM-INDIA.NS,1028.9,2.94,877.34,23.11,-199.79,56.9,18,"[91, 18, 22, 18, 18]","[31.07, 23.54, 21.57, 22.79, 23.11]","[76.88, 58.12, 52.96, 56.1, 56.9]",False,197,NAM-INDIA,-19,down
HBLENGINE.NS,810.9,26.01,767.11,18.92,-201.1,57.27,18,[18],[18.92],[57.27],False,198,HBLENGINE,0,new
GRAPHITE.NS,740.6,0.06,614.99,21.54,-205.22,58.44,17,"[81, 21, 19, 19, 17]","[20.53, 19.11, 20.42, 20.46, 21.54]","[55.66, 51.86, 55.46, 55.56, 58.44]",False,199,GRAPHITE,-23,down
CRAFTSMAN.NS,7750.5,4.54,7112.7,25.9,-207.08,58.97,17,"[84, 17, 15, 18, 17]","[27.77, 25.85, 26.35, 24.81, 25.9]","[62.97, 58.75, 59.9, 56.37, 58.97]",False,200,CRAFTSMAN,-21,down
SAIL.NS,186.16,0.0,147.83,28.79,-209.64,59.7,16,"[82, 19, 14, 15, 16]","[27.47, 27.01, 29.32, 29.39, 28.79]","[56.78, 55.79, 60.81, 60.98, 59.7]",False,201,SAIL,-17,down
ABSLAMC.NS,1024.1,4.13,863.77,27.81,-213.7,60.86,16,"[87, 11, 13, 13, 16]","[32.85, 32.18, 29.58, 29.51, 27.81]","[71.91, 70.31, 64.38, 64.22, 60.86]",False,202,ABSLAMC,-14,down
LTF.NS,285.42,10.89,270.28,29.82,-215.94,61.49,15,[15],[29.82],[61.49],False,203,LTF,0,new
EMCURE.NS,1729.9,0.0,1462.77,27.7,-216.04,61.52,15,"[72, 22, 20, 24, 15]","[21.1, 23.66, 24.48, 21.34, 27.7]","[46.01, 51.63, 53.37, 46.48, 61.52]",False,204,EMCURE,-39,down
WELCORP.NS,1267.3,0.0,870.68,27.21,-218.12,62.11,15,"[81, 20, 18, 16, 15]","[24.28, 23.82, 24.92, 26.5, 27.21]","[55.37, 54.3, 56.76, 60.36, 62.11]",False,205,WELCORP,-22,down
KARURVYSYA.NS,297.55,11.67,266.61,29.51,-218.15,62.12,14,"[84, 16, 16, 16, 14]","[29.31, 28.22, 28.3, 28.69, 29.51]","[61.71, 59.42, 59.59, 60.35, 62.12]",False,206,KARURVYSYA,-24,down
MUTHOOTFIN.NS,3461.1,14.7,3357.43,28.49,-225.76,64.29,14,"[88, 15, 17, 14, 14]","[31.51, 27.13, 25.06, 27.82, 28.49]","[72.17, 61.83, 56.93, 62.85, 64.29]",False,207,MUTHOOTFIN,-21,down
MAHABANK.NS,79.61,0.71,63.18,30.13,-227.62,64.82,13,"[85, 16, 13, 17, 13]","[31.09, 28.14, 30.48, 27.97, 30.13]","[67.14, 60.14, 65.24, 60.06, 64.82]",False,208,MAHABANK,-27,down
KEI.NS,4935.2,5.2,4292.18,34.17,-230.98,65.78,13,"[87, 14, 12, 13, 13]","[36.92, 34.44, 34.01, 33.55, 34.17]","[71.45, 66.49, 65.6, 64.65, 65.78]",False,209,KEI,-20,down
RRKABEL.NS,1626.6,0.0,1393.42,29.05,-233.89,66.61,13,"[79, 22, 18, 12, 13]","[23.66, 22.92, 25.15, 28.6, 29.05]","[53.03, 51.32, 56.74, 65.56, 66.61]",False,210,RRKABEL,-20,down
BSE.NS,3635.7,0.0,2797.11,25.49,-240.54,68.5,12,"[89, 15, 10, 10, 12]","[27.94, 24.2, 26.19, 25.86, 25.49]","[75.72, 65.01, 70.43, 69.48, 68.5]",False,211,BSE,-16,down
GLENMARK.NS,2413.9,0.0,2032.49,36.81,-246.87,70.3,12,"[88, 12, 11, 10, 12]","[39.09, 35.95, 35.55, 36.96, 36.81]","[74.37, 68.41, 67.59, 70.59, 70.3]",False,212,GLENMARK,-16,down
HINDALCO.NS,1067.2,0.66,875.89,43.23,-249.62,71.09,11,"[87, 12, 9, 9, 11]","[43.78, 42.46, 44.08, 43.82, 43.23]","[72.11, 69.78, 72.49, 72.02, 71.09]",False,213,HINDALCO,-16,down
ABCAPITAL.NS,348.45,4.29,323.25,34.02,-251.31,71.57,11,"[90, 12, 11, 15, 11]","[36.43, 32.42, 32.36, 29.8, 34.02]","[76.48, 68.21, 68.06, 62.66, 71.57]",False,214,ABCAPITAL,-29,down
LAURUSLABS.NS,1106.1,2.61,987.53,39.43,-251.89,71.73,10,"[92, 9, 9, 11, 10]","[44.28, 41.03, 40.26, 37.36, 39.43]","[80.16, 74.26, 72.78, 67.95, 71.73]",False,215,LAURUSLABS,-21,down
RBLBANK.NS,341.2,0.0,298.77,33.44,-255.22,72.68,10,"[86, 13, 12, 11, 10]","[32.92, 31.79, 30.62, 31.63, 33.44]","[70.76, 67.98, 65.65, 67.95, 72.68]",False,216,RBLBANK,-23,down
BHARATFORG.NS,1907.8,0.84,1541.59,39.5,-257.8,73.42,10,"[90, 11, 9, 12, 10]","[40.83, 37.77, 39.09, 36.34, 39.5]","[76.46, 70.6, 73.26, 67.84, 73.42]",False,217,BHARATFORG,-25,down
GESHIP.NS,1554.6,0.0,1206.5,37.34,-260.56,74.2,9,"[85, 17, 15, 14, 9]","[33.46, 30.35, 31.03, 32.61, 37.34]","[65.51, 59.15, 60.53, 63.94, 74.2]",False,218,GESHIP,-31,down
CCL.NS,1125.1,1.83,981.95,30.81,-276.49,78.74,9,"[91, 8, 8, 8, 9]","[31.08, 30.89, 30.17, 29.15, 30.81]","[79.42, 78.93, 76.98, 74.43, 78.74]",False,219,CCL,-20,down
GRSE.NS,3072.7,11.41,2519.11,22.62,-277.17,78.93,8,"[86, 13, 13, 12, 8]","[19.95, 19.22, 18.93, 19.31, 22.62]","[69.13, 66.59, 65.59, 66.91, 78.93]",False,220,GRSE,-29,down
SCI.NS,308.13,0.0,235.43,26.73,-280.38,79.85,8,"[90, 10, 8, 7, 8]","[25.52, 24.09, 24.81, 27.2, 26.73]","[75.95, 71.75, 73.87, 81.3, 79.85]",False,221,SCI,-20,down
CUMMINSIND.NS,5288.0,0.0,4372.47,49.81,-290.2,82.64,8,"[93, 8, 7, 8, 8]","[48.93, 49.2, 49.93, 48.02, 49.81]","[81.57, 82.03, 83.21, 79.77, 82.64]",False,222,CUMMINSIND,-22,down
CHENNPETRO.NS,1139.5,0.0,884.72,27.37,-296.67,84.49,7,"[89, 14, 16, 9, 7]","[24.75, 21.66, 19.73, 23.91, 27.37]","[74.62, 65.4, 59.79, 73.26, 84.49]",False,223,CHENNPETRO,-25,down
SYRMA.NS,976.05,2.17,788.88,31.88,-307.6,87.6,7,"[94, 6, 7, 6, 7]","[35.08, 34.72, 32.68, 31.63, 31.88]","[96.71, 95.77, 89.77, 86.93, 87.6]",False,224,SYRMA,-21,down
ADANIPOWER.NS,219.28,1.82,150.51,33.48,-317.43,90.4,6,"[94, 8, 6, 5, 6]","[35.14, 32.35, 33.46, 34.39, 33.48]","[94.82, 87.07, 90.15, 92.74, 90.4]",False,225,ADANIPOWER,-19,down
SCHNEIDER.NS,1191.25,0.0,846.01,33.37,-319.54,91.0,6,"[93, 7, 6, 7, 6]","[31.8, 32.49, 33.29, 31.0, 33.37]","[85.93, 88.0, 90.12, 84.21, 91.0]",False,226,SCHNEIDER,-24,down
DATAPATTNS.NS,4118.1,0.41,2965.24,29.1,-322.52,91.85,5,"[96, 5, 7, 6, 5]","[37.1, 34.07, 27.41, 27.73, 29.1]","[118.59, 108.78, 86.47, 87.53, 91.85]",False,227,DATAPATTNS,-23,down
VEDL.NS,773.6,1.77,604.94,50.62,-341.03,97.12,5,"[95, 7, 5, 6, 5]","[51.17, 46.21, 48.7, 47.03, 50.62]","[96.9, 87.4, 92.49, 89.3, 97.12]",False,228,VEDL,-23,down
ANANDRATHI.NS,3586.5,2.8,3024.96,58.84,-367.82,104.75,5,"[95, 6, 5, 5, 5]","[61.54, 59.58, 57.72, 57.19, 58.84]","[109.63, 106.23, 102.93, 101.95, 104.75]",False,229,ANANDRATHI,-22,down
APARINDS.NS,12387.5,0.0,9333.96,42.65,-443.84,126.4,4,"[97, 4, 3, 4, 4]","[48.39, 44.99, 44.52, 41.72, 42.65]","[142.9, 133.08, 131.45, 123.37, 126.4]",False,230,APARINDS,-22,down
KIRLOSENG.NS,1699.1,1.47,1230.55,46.4,-445.07,126.74,4,"[95, 4, 4, 3, 4]","[43.34, 41.91, 45.55, 47.23, 46.4]","[117.18, 113.39, 124.18, 128.94, 126.74]",False,231,KIRLOSENG,-20,down
FORCEMOT.NS,20985.0,18.59,19698.08,36.18,-445.57,126.89,3,"[97, 4, 4, 3, 3]","[39.5, 34.05, 34.45, 36.64, 36.18]","[139.22, 119.28, 120.63, 128.52, 126.89]",False,232,FORCEMOT,-22,down
GMDCLTD.NS,740.05,0.9,556.93,38.07,-465.23,132.49,3,"[96, 5, 4, 4, 3]","[33.94, 31.17, 33.12, 35.9, 38.07]","[117.67, 108.06, 115.1, 124.71, 132.49]",False,233,GMDCLTD,-24,down
POWERINDIA.NS,32885.0,0.0,22225.79,48.59,-478.42,136.24,3,"[97, 3, 3, 2, 3]","[50.0, 49.71, 47.26, 48.47, 48.59]","[140.26, 139.42, 132.39, 135.91, 136.24]",False,234,POWERINDIA,-22,down
MCX.NS,2968.3,0.0,2222.0,57.35,-489.19,139.31,2,"[98, 3, 2, 2, 2]","[60.35, 54.95, 56.69, 56.44, 57.35]","[147.16, 133.21, 137.63, 136.97, 139.31]",False,235,MCX,-22,down
HINDCOPPER.NS,555.25,26.83,452.95,42.5,-524.47,149.36,2,"[99, 2, 2, 1, 2]","[46.29, 41.97, 42.92, 42.28, 42.5]","[162.9, 147.36, 150.85, 148.61, 149.36]",False,236,HINDCOPPER,-22,down
NETWEB.NS,4031.0,7.55,3206.74,46.78,-584.05,166.32,1,"[98, 2, 2, 1, 1]","[45.36, 43.59, 45.43, 45.43, 46.78]","[161.06, 154.94, 161.6, 161.59, 166.32]",False,237,NETWEB,-22,down
NATIONALUM.NS,433.3,1.86,319.15,75.75,-625.45,178.11,1,"[100, 1, 1, 0, 1]","[83.74, 77.19, 80.39, 78.11, 75.75]","[198.79, 181.6, 188.83, 183.31, 178.11]",False,238,NATIONALUM,-22,down
ATHERENERG.NS,938.4,0.3,675.14,70.7,-738.9,210.42,0,[0],[70.7],[210.42],False,239,ATHERENERG,0,new
